Name,Profile,Tier,Gold,Silver,Bronze,Points
Chris Deotte,https://www.kaggle.com/cdeotte,grandmaster,171,207,2223,7168
CPMP,https://www.kaggle.com/cpmpml,grandmaster,263,401,3383,6381
,https://www.kaggle.com/hengck23,grandmaster,214,240,1337,4145
Psi,https://www.kaggle.com/philippsinger,grandmaster,73,109,691,2663
Mar√≠lia Prata,https://www.kaggle.com/mpwolke,expert,3,19,2677,2453
Konstantin Yakovlev,https://www.kaggle.com/kyakovlev,master,46,44,371,2300
Abhishek Thakur,https://www.kaggle.com/abhishek,grandmaster,113,114,751,2076
Bojan Tunguz,https://www.kaggle.com/tunguz,grandmaster,126,155,653,1950
Dieter,https://www.kaggle.com/christofhenkel,grandmaster,94,96,434,1864
Andrew Lukyanenko,https://www.kaggle.com/artgor,grandmaster,73,60,626,1695
Nanashi,https://www.kaggle.com/jesucristo,grandmaster,63,67,548,1651
Giba,https://www.kaggle.com/titericz,grandmaster,91,102,429,1523
Ahmet Erdem,https://www.kaggle.com/aerdem4,master,57,59,268,1224
Firat Gonen,https://www.kaggle.com/frtgnn,grandmaster,55,22,637,1202
Rob Mulla,https://www.kaggle.com/robikscube,grandmaster,51,43,420,1177
Mobassir,https://www.kaggle.com/mobassir,master,29,51,707,1152
Bibek,https://www.kaggle.com/bibek777,master,37,43,208,1148
Vopani,https://www.kaggle.com/rohanrao,master,45,34,209,1130
Kha Vo,https://www.kaggle.com/khahuras,master,26,45,363,1056
Scirpus,https://www.kaggle.com/scirpus,grandmaster,73,107,780,1044
DrHB,https://www.kaggle.com/drhabib,master,31,44,224,1042
Khoi Nguyen,https://www.kaggle.com/suicaokhoailang,master,37,52,206,992
ryches,https://www.kaggle.com/ryches,master,41,32,232,977
Gunes Evitan,https://www.kaggle.com/gunesevitan,master,32,35,309,970
Qishen Ha,https://www.kaggle.com/haqishen,expert,22,23,133,964
Prashant Banerjee,https://www.kaggle.com/prashant111,grandmaster,54,40,461,952
Nirjhar Roy,https://www.kaggle.com/phoenix9032,master,25,34,396,920
Aditya Soni,https://www.kaggle.com/adityaecdrid,expert,19,24,680,914
olivier,https://www.kaggle.com/ogrellier,grandmaster,56,66,704,891
Raju Kumar Mishra,https://www.kaggle.com/dataraj,master,40,29,405,875
ONODERA,https://www.kaggle.com/onodera,master,38,48,185,838
Xuan Cao,https://www.kaggle.com/naivelamb,master,31,40,214,838
Trigram,https://www.kaggle.com/nxrprime,expert,13,17,335,825
Tilii,https://www.kaggle.com/tilii7,grandmaster,70,129,782,817
Yassine Alouini,https://www.kaggle.com/yassinealouini,master,22,30,310,804
Serigne,https://www.kaggle.com/serigne,master,25,81,521,797
raddar,https://www.kaggle.com/raddar,master,66,68,337,792
Yury Kashnitsky,https://www.kaggle.com/kashnitsky,master,37,44,242,786
Peter,https://www.kaggle.com/pestipeti,expert,23,19,216,760
RDizzl3,https://www.kaggle.com/rdizzl3,master,28,32,243,751
Neuron Engineer,https://www.kaggle.com/ratthachat,master,20,31,390,712
ŒúŒ±œÅŒπŒøœÇ ŒúŒπœáŒ±Œ∑ŒªŒπŒ¥Œ∑œÇ KazAnova,https://www.kaggle.com/kazanova,grandmaster,67,68,424,707
Jiwei Liu,https://www.kaggle.com/jiweiliu,grandmaster,65,79,537,703
Heads or Tails,https://www.kaggle.com/headsortails,master,23,39,437,700
Alex Shonenkov,https://www.kaggle.com/shonenkov,expert,23,15,117,691
Konrad Banachewicz,https://www.kaggle.com/konradb,grandmaster,51,80,541,678
Manoj,https://www.kaggle.com/mks2192,master,20,34,309,674
nosound,https://www.kaggle.com/zaharch,master,28,25,147,666
beluga,https://www.kaggle.com/gaborfodor,master,34,83,314,655
CoreyLevinson,https://www.kaggle.com/returnofsputnik,master,21,37,447,653
Gabriel Preda,https://www.kaggle.com/gpreda,master,20,37,353,652
Mukharbek Organokov,https://www.kaggle.com/muhakabartay,master,23,39,224,652
Roman,https://www.kaggle.com/nroman,expert,22,23,163,644
yuval reina,https://www.kaggle.com/yuval6967,master,23,38,204,618
Yifan Xie,https://www.kaggle.com/yifanxie,master,31,48,244,601
Ravi Chaubey,https://www.kaggle.com/ravichaubey1506,expert,11,26,212,596
python10pm,https://www.kaggle.com/python10pm,expert,10,11,343,590
YaGana Sheriff-Hussaini,https://www.kaggle.com/sheriytm,expert,13,27,769,578
Theo Viel,https://www.kaggle.com/theoviel,expert,24,13,146,560
Iafoss,https://www.kaggle.com/iafoss,expert,11,13,321,559
Sanyam Bhutani,https://www.kaggle.com/init27,master,26,27,192,559
Shahebaz,https://www.kaggle.com/shaz13,master,37,27,193,557
Shahules,https://www.kaggle.com/shahules,expert,14,22,316,556
authman,https://www.kaggle.com/authman,expert,19,30,289,539
Vlad Vaduva,https://www.kaggle.com/vladvdv,expert,16,18,118,538
Andres Torrubia,https://www.kaggle.com/antorsae,master,33,25,179,532
Konstantin Lopuhin,https://www.kaggle.com/lopuhin,master,31,49,242,532
AmirH,https://www.kaggle.com/tpthegreat,master,32,30,233,523
Dmytro Danevskyi,https://www.kaggle.com/ddanevskyi,expert,22,24,96,516
Alexey Pronin,https://www.kaggle.com/graf10a,expert,13,16,270,516
Oleg Yaroshevskiy,https://www.kaggle.com/yaroshevskiy,expert,16,22,103,513
Gilles Vandewiele,https://www.kaggle.com/group16,expert,8,17,222,502
Peter Hurford,https://www.kaggle.com/peterhurford,master,27,44,298,501
Ouassim Adnane,https://www.kaggle.com/ishivinal,master,19,36,246,501
Caesar Lupum,https://www.kaggle.com/caesarlupum,expert,8,12,451,501
phalanx,https://www.kaggle.com/phalanx,expert,16,23,56,491
Yiheng (Venn),https://www.kaggle.com/yiheng,expert,25,27,136,488
xhlulu,https://www.kaggle.com/xhlulu,expert,12,24,143,481
Shangqiu Li,https://www.kaggle.com/unkownhihi,expert,10,7,229,479
M.Innat,https://www.kaggle.com/ipythonx,expert,5,12,238,474
ilovescience,https://www.kaggle.com/tanlikesmath,expert,15,21,188,471
Ilu,https://www.kaggle.com/ilu000,expert,8,24,298,467
Preston Fan,https://www.kaggle.com/prestonfan,expert,9,21,144,458
MatthewMasters,https://www.kaggle.com/matthewmasters,expert,7,8,203,456
Fatih,https://www.kaggle.com/fatihozturk,master,24,32,235,451
Massoud Hosseinali,https://www.kaggle.com/mhviraf,expert,15,21,224,441
Krishna,https://www.kaggle.com/veeralakrishna,expert,0,10,571,441
Fares Sayah,https://www.kaggle.com/faressayah,expert,11,16,214,440
Aman.cyberia,https://www.kaggle.com/cyberia,master,20,34,164,436
Sergey Bryansky,https://www.kaggle.com/sggpls,expert,15,29,113,435
alijs,https://www.kaggle.com/alijs1,expert,23,21,120,434
anokas,https://www.kaggle.com/anokas,master,39,55,284,432
Camaro,https://www.kaggle.com/bamps53,expert,16,12,91,428
Appian,https://www.kaggle.com/appian,expert,14,12,104,420
JohnM,https://www.kaggle.com/jpmiller,master,23,43,326,411
GreatGameDota,https://www.kaggle.com/greatgamedota,expert,11,12,152,411
sakami,https://www.kaggle.com/sakami,expert,8,5,43,387
dott,https://www.kaggle.com/dott1718,expert,9,11,46,383
Carl McBride Ellis,https://www.kaggle.com/carlmcbrideellis,expert,1,11,222,378
bestfitting,https://www.kaggle.com/bestfitting,expert,12,10,114,377
DimitreOliveira,https://www.kaggle.com/dimitreoliveira,expert,6,12,293,375
Tarek Hamdi,https://www.kaggle.com/hamditarek,expert,11,4,145,374
Selim Seferbekov,https://www.kaggle.com/selimsef,expert,7,10,46,367
Carlos Souza,https://www.kaggle.com/carlossouza,expert,11,15,83,366
Rachael Tatman,https://www.kaggle.com/rtatman,expert,12,11,520,364
Silogram,https://www.kaggle.com/psilogram,expert,26,30,84,358
datasaurus,https://www.kaggle.com/anjum48,expert,14,18,127,358
PC Jimmmy,https://www.kaggle.com/pcjimmmy,expert,6,21,310,357
Guanshuo Xu,https://www.kaggle.com/wowfattie,expert,9,5,78,356
Marco Vasquez E,https://www.kaggle.com/marcovasquez,expert,8,8,348,354
SRK,https://www.kaggle.com/sudalairajkumar,master,26,31,215,351
Human Analog,https://www.kaggle.com/humananalog,expert,7,15,165,350
Carlo Lepelaars,https://www.kaggle.com/carlolepelaars,expert,9,9,334,350
MichaelP,https://www.kaggle.com/datahobbit,expert,13,22,216,349
bluetrain,https://www.kaggle.com/stecasasso,expert,10,20,136,349
YoonSoo,https://www.kaggle.com/harangdev,expert,6,6,83,343
Vitalii Mokin,https://www.kaggle.com/vbmokin,expert,5,15,178,343
Luca Basanisi,https://www.kaggle.com/lucabasa,expert,4,9,301,341
Mr_KnowNothing,https://www.kaggle.com/tanulsingh077,expert,6,7,103,341
Shujian Liu,https://www.kaggle.com/shujian,master,29,42,338,338
YouHan Lee,https://www.kaggle.com/youhanlee,expert,10,22,173,336
Jacek Poplawski,https://www.kaggle.com/jacekpoplawski,expert,8,15,288,333
Henrique Mendon√ßa,https://www.kaggle.com/hmendonca,expert,9,8,181,332
Joe Eddy,https://www.kaggle.com/aquatic,master,28,40,144,332
Vladimir Iglovikov,https://www.kaggle.com/iglovikov,master,40,24,160,331
NxGTR,https://www.kaggle.com/carloshuertas,grandmaster,56,87,446,330
Rishabh Agrahari,https://www.kaggle.com/rishabhiitbhu,expert,8,16,219,328
Branden Murray,https://www.kaggle.com/brandenkmurray,master,23,27,202,327
Erik Bruin,https://www.kaggle.com/erikbruin,expert,4,15,419,322
James Trotman,https://www.kaggle.com/jtrotman,expert,19,25,150,321
Saurav Anand,https://www.kaggle.com/saurav9786,expert,5,13,232,318
Mohammed Tayor,https://www.kaggle.com/tayorm,expert,9,10,199,310
Dmitriy Guller,https://www.kaggle.com/dmitriyguller,master,17,54,233,309
Hieu Phung,https://www.kaggle.com/phunghieu,expert,5,3,201,309
Ashish Gupta,https://www.kaggle.com/roydatascience,expert,11,10,172,309
Maxwell,https://www.kaggle.com/maxwell110,expert,16,17,77,308
SeuTao,https://www.kaggle.com/shentao,expert,12,11,30,304
fchollet,https://www.kaggle.com/fchollet,expert,18,17,75,302
Baba Firas,https://www.kaggle.com/rinnqd,expert,13,18,83,301
Aspie Girl,https://www.kaggle.com/usharengaraju,expert,12,12,100,295
Andy Harless,https://www.kaggle.com/aharless,master,25,57,506,293
voru588,https://www.kaggle.com/alenavorushilova,expert,5,11,104,292
See--,https://www.kaggle.com/seesee,expert,9,9,100,290
XingJian Lyu,https://www.kaggle.com/roguekk007,expert,10,10,84,290
Loulou,https://www.kaggle.com/louise2001,expert,6,3,90,286
Chun Ming Lee,https://www.kaggle.com/leecming,expert,8,7,49,284
MPWARE,https://www.kaggle.com/mpware,expert,11,19,124,283
Gary,https://www.kaggle.com/garybios,expert,10,11,106,283
timetraveller,https://www.kaggle.com/timetraveller98,expert,4,9,132,282
Liao,https://www.kaggle.com/alexanderliao,expert,10,24,155,280
Ian Pan,https://www.kaggle.com/vaillant,expert,9,17,50,279
Tim Yee,https://www.kaggle.com/teeyee314,expert,8,8,186,278
Ram Ramrakhya,https://www.kaggle.com/axel81,expert,6,11,127,276
Miroslav Valan,https://www.kaggle.com/valanm,expert,8,9,141,275
Tawara,https://www.kaggle.com/ttahara,expert,7,11,60,273
Sergei Fironov,https://www.kaggle.com/sergeifironov,expert,10,13,53,272
LongYin/Êù∞Â∞ë,https://www.kaggle.com/longyin2,expert,9,9,259,272
Hidehisa Arai,https://www.kaggle.com/hidehisaarai1213,expert,6,13,78,271
Eswar Chand,https://www.kaggle.com/eswarchandt,expert,2,3,250,267
Adrian Zinovei,https://www.kaggle.com/zinovadr,expert,5,5,190,264
Artyom Palvelev,https://www.kaggle.com/artyomp,expert,11,17,107,263
James Howard,https://www.kaggle.com/jamesphoward,expert,7,13,39,263
narsil,https://www.kaggle.com/narsil,expert,12,17,103,262
Roshan Sharma,https://www.kaggle.com/roshansharma,expert,1,23,256,261
Radek Osmulski,https://www.kaggle.com/radek1,expert,16,12,61,260
daishu,https://www.kaggle.com/daishu,expert,11,7,56,259
Stanislav Blinov,https://www.kaggle.com/stanislavblinov,expert,5,9,192,259
Bac Nguyen,https://www.kaggle.com/backaggle,expert,11,8,110,257
CHANDAN,https://www.kaggle.com/chandansinghnegi,expert,2,11,135,257
Richard Barrett-Jolley,https://www.kaggle.com/richardbj,expert,8,7,42,255
Mashlyn,https://www.kaggle.com/mashlyn,expert,3,4,232,254
predictor!,https://www.kaggle.com/seshurajup,expert,7,11,107,253
Tom Aindow,https://www.kaggle.com/taindow,expert,11,8,118,253
toshi_k,https://www.kaggle.com/toshik,expert,11,15,192,248
FChmiel,https://www.kaggle.com/fchmiel,expert,6,6,87,248
corochann,https://www.kaggle.com/corochann,expert,5,4,162,244
Tarun Paparaju,https://www.kaggle.com/tarunpaparaju,expert,9,10,156,244
G_R_S,https://www.kaggle.com/danoozy44,expert,3,3,168,244
Marco Gorelli,https://www.kaggle.com/marcogorelli,expert,1,6,138,243
Moshel,https://www.kaggle.com/moshel,expert,5,13,223,243
Pranav Anand,https://www.kaggle.com/pranavanand24,expert,2,6,76,243
Siraz Naorem,https://www.kaggle.com/siraznaorem,expert,1,7,151,243
Alin Cijov,https://www.kaggle.com/alincijov,expert,0,0,252,243
DmitryS,https://www.kaggle.com/simakov,expert,11,6,38,242
Fredrik Jonsson,https://www.kaggle.com/frjo0083,expert,9,10,148,241
Rohit Singh,https://www.kaggle.com/rohitsingh9990,expert,3,6,122,241
Benjamin Minixhofer,https://www.kaggle.com/bminixhofer,expert,6,16,92,238
Bo,https://www.kaggle.com/boliu0,expert,9,8,35,237
Madz2000,https://www.kaggle.com/madz2000,expert,0,0,255,233
Parul Pandey,https://www.kaggle.com/parulpandey,expert,2,20,123,232
PAB97,https://www.kaggle.com/rftexas,expert,3,11,83,227
David Tang,https://www.kaggle.com/dcstang,expert,6,4,193,226
Jie Wu,https://www.kaggle.com/lftuwujie,expert,9,10,125,225
Zenify,https://www.kaggle.com/debanga,expert,7,5,87,225
TJ Klein,https://www.kaggle.com/teejmahal20,expert,7,5,124,225
Max Jeblick,https://www.kaggle.com/maxjeblick,expert,6,10,35,223
Markus F,https://www.kaggle.com/friedchips,expert,9,4,47,223
Strideradu,https://www.kaggle.com/strideradu,expert,14,9,125,222
Brun,https://www.kaggle.com/brunhs,expert,4,9,219,222
ZFTurbo,https://www.kaggle.com/zfturbo,expert,23,26,146,221
Pranit Bhujel,https://www.kaggle.com/pranitbhujel,expert,1,4,161,221
Yirun Zhang,https://www.kaggle.com/gogo827jz,expert,6,9,161,220
Khanh Vu Duy,https://www.kaggle.com/duykhanh99,expert,2,5,133,217
Chris Miles,https://www.kaggle.com/chrisrichardmiles,expert,3,5,72,217
Nischay Dhankhar,https://www.kaggle.com/nischaydnk,expert,3,3,158,217
n01z3,https://www.kaggle.com/drn01z3,expert,23,7,48,216
nlgn,https://www.kaggle.com/kingychiu,expert,8,4,157,216
interneuron,https://www.kaggle.com/interneuron,expert,7,14,219,216
Alberto Falletta,https://www.kaggle.com/albeffe,expert,1,10,156,216
Russ Wolfinger,https://www.kaggle.com/sasrdw,expert,13,28,111,215
Xie29,https://www.kaggle.com/xiejialun,expert,5,5,132,215
Maxime Lenormand,https://www.kaggle.com/maxlenormand,expert,5,3,110,214
Dmitrij Kozachuk,https://www.kaggle.com/koza4ukdmitrij,expert,8,6,50,213
Gajendra Saraswat,https://www.kaggle.com/sarques,expert,0,7,147,213
Mycroft Holmes,https://www.kaggle.com/stocks,expert,9,8,133,212
Mohammad Reza Ghari,https://www.kaggle.com/rezaghari,expert,4,4,112,212
Raghawendra Singh,https://www.kaggle.com/raghaw,expert,10,5,67,211
DtneSEffct,https://www.kaggle.com/binaicrai,expert,0,1,235,209
RNA,https://www.kaggle.com/bigironsphere,expert,8,12,138,207
Michael Jahrer,https://www.kaggle.com/mjahrer,expert,20,37,110,206
Kage_Yonko,https://www.kaggle.com/projdev,expert,1,13,168,205
Grzegorz Sionkowski,https://www.kaggle.com/sionek,expert,9,31,221,202
Kirderf,https://www.kaggle.com/kirderf,expert,3,4,95,201
Laevatein,https://www.kaggle.com/laevatein,expert,5,6,52,199
Neil Slater,https://www.kaggle.com/slobo777,expert,5,35,374,197
Dhananjay Raut,https://www.kaggle.com/dhananjay3,expert,7,6,60,196
Siavash,https://www.kaggle.com/siavrez,expert,5,6,119,196
spongebob,https://www.kaggle.com/baomengjiao,expert,15,10,89,195
Kurian Benoy,https://www.kaggle.com/kurianbenoy,expert,0,4,177,195
Ayush Goel,https://www.kaggle.com/yushg123,expert,1,3,136,194
Ian Catindig,https://www.kaggle.com/ian,expert,3,3,284,193
Manoj Prabhakar,https://www.kaggle.com/manojprabhaakr,expert,1,8,175,192
DiegoJohnson,https://www.kaggle.com/diegojohnson,expert,5,3,101,192
Evgeny Patekha,https://www.kaggle.com/johnpateha,expert,9,6,49,191
Bhushan Kapkar,https://www.kaggle.com/bpkapkar,expert,2,5,103,191
miguel perez,https://www.kaggle.com/miguelpm,expert,8,17,121,189
funkyboy,https://www.kaggle.com/super13579,expert,9,9,90,189
ragnar,https://www.kaggle.com/ragnar123,expert,3,10,98,189
Anshul Sharma,https://www.kaggle.com/anshuls235,expert,1,0,158,188
DanB,https://www.kaggle.com/dansbecker,expert,9,17,201,187
Jakub Czakon,https://www.kaggle.com/jakubczakon,expert,9,8,116,187
Vlado Boza,https://www.kaggle.com/usamec,expert,9,4,68,186
Ramesh Babu Gonegandla,https://www.kaggle.com/rameshbabugonegandla,expert,0,0,171,185
I√±aki,https://www.kaggle.com/jolasa,expert,6,21,112,184
Manraj Singh,https://www.kaggle.com/themonologue,expert,6,5,58,182
u++,https://www.kaggle.com/sishihara,expert,10,8,63,181
higepon,https://www.kaggle.com/higepon,expert,7,6,59,181
Dhruv,https://www.kaggle.com/dhruvagg,expert,1,1,116,181
Bulent Siyah,https://www.kaggle.com/bulentsiyah,expert,1,1,155,180
S D,https://www.kaggle.com/sdoria,expert,5,11,77,179
pocket,https://www.kaggle.com/pocketsuteado,expert,7,17,67,178
Solve for Fun,https://www.kaggle.com/anshumoudgil,expert,0,2,198,178
huiqin,https://www.kaggle.com/qinhui1999,expert,5,6,104,178
Fran√ßois,https://www.kaggle.com/francoisdubois,expert,10,11,125,177
robga,https://www.kaggle.com/robga,expert,5,6,78,177
Alexander Firsov,https://www.kaggle.com/alexfir,expert,12,18,104,175
Robin Smits,https://www.kaggle.com/rsmits,expert,1,10,169,175
Michael Lopez,https://www.kaggle.com/statsbymichaellopez,expert,5,4,51,173
Gold Retriever,https://www.kaggle.com/tonychenxyz,expert,3,6,87,171
ratan rohith,https://www.kaggle.com/ratan123,expert,1,4,235,171
akensert,https://www.kaggle.com/akensert,expert,3,2,105,171
Xavier,https://www.kaggle.com/xvivancos,expert,0,0,389,170
roblex nana,https://www.kaggle.com/roblexnana,expert,1,1,143,170
Chris Crawford,https://www.kaggle.com/crawford,expert,14,24,156,169
Max,https://www.kaggle.com/maxjon,expert,4,8,41,169
Waylon Wu,https://www.kaggle.com/waylongo,expert,7,4,46,169
shivan kumar,https://www.kaggle.com/shivan118,expert,1,4,100,169
Jaideep,https://www.kaggle.com/jaideepvalani,expert,0,5,154,167
BreakfastPirate,https://www.kaggle.com/breakfastpirate,master,63,62,289,165
Daniel M√∂ller,https://www.kaggle.com/danmoller,expert,7,13,212,165
SAIF UDDIN,https://www.kaggle.com/saife245,expert,0,1,164,165
takuoko,https://www.kaggle.com/takuok,expert,5,9,59,164
Sirish Somanchi,https://www.kaggle.com/sirishks,expert,2,6,44,163
Michael Kazachok,https://www.kaggle.com/miklgr500,expert,2,9,45,163
Kain,https://www.kaggle.com/kainsama,expert,6,16,97,162
Kiram Al-Kharba,https://www.kaggle.com/al0kharba,expert,2,1,50,162
Anthony Perez,https://www.kaggle.com/anthonymcqueen,expert,1,2,125,162
arnab,https://www.kaggle.com/arnabbiswas1,expert,5,9,76,161
Shivam Bansal,https://www.kaggle.com/shivamb,expert,6,14,278,161
Kaushal Shah,https://www.kaggle.com/kaushal2896,expert,1,6,89,161
Luca Massaron,https://www.kaggle.com/lucamassaron,expert,8,11,49,160
senkin13,https://www.kaggle.com/senkin13,expert,7,7,65,160
jionie,https://www.kaggle.com/jionie,expert,4,4,120,160
Tasnim Nishat Islam,https://www.kaggle.com/tasnimnishatislam,expert,3,2,85,160
Md Mahmud Ferdous,https://www.kaggle.com/mdmahmudferdous,expert,1,2,129,160
P_R_Mohanty,https://www.kaggle.com/prmohanty,expert,2,7,192,159
Vansh Jatana,https://www.kaggle.com/vanshjatana,expert,0,8,91,159
Max Halford,https://www.kaggle.com/maxhalford,expert,10,14,98,158
Thomas Nelson,https://www.kaggle.com/thomasnelson,expert,7,15,91,158
Mohamed Essam,https://www.kaggle.com/mohammedessam97,expert,0,3,106,157
Wei Hao Khoong,https://www.kaggle.com/khoongweihao,expert,1,1,147,157
Muhammet Ikbal Elek,https://www.kaggle.com/mielek,expert,0,0,182,156
Ole Kr√∂ger,https://www.kaggle.com/wikunia,expert,3,6,98,155
Dmytro Panchenko,https://www.kaggle.com/hokmund,expert,7,9,50,155
nvnn,https://www.kaggle.com/nvnnghia,expert,3,2,47,155
sahib singh,https://www.kaggle.com/sahib12,expert,1,2,162,155
daisukelab,https://www.kaggle.com/daisukelab,expert,9,5,91,154
Muril√£o,https://www.kaggle.com/upadorprofzs,expert,0,2,132,154
Vladislav Bakhteev,https://www.kaggle.com/speedwagon,expert,6,10,38,153
Kyle Boone,https://www.kaggle.com/kyleboone,expert,10,13,37,152
Federico Raimondi,https://www.kaggle.com/raimonds1993,expert,3,9,118,152
Subin An,https://www.kaggle.com/subinium,expert,2,4,157,152
Alexander Soare,https://www.kaggle.com/alexandersoare,expert,2,9,45,151
Aswath Rao V S,https://www.kaggle.com/aswathrao,expert,0,0,129,150
Sri.,https://www.kaggle.com/thatoneguyaditya,expert,1,3,75,150
Sergey Mushinskiy,https://www.kaggle.com/ceperaang,expert,20,19,81,149
NowYSM,https://www.kaggle.com/ashishpatel26,expert,7,10,148,149
Buffalo Spdwy,https://www.kaggle.com/barnwellguy,expert,8,4,53,148
ADAM,https://www.kaggle.com/newbielch,expert,3,4,71,148
30CrMnSiA,https://www.kaggle.com/h4211819,expert,9,14,54,146
Divyansh Agrawal,https://www.kaggle.com/divyansh22,expert,2,2,92,145
MJ Bahmani,https://www.kaggle.com/mjbahmani,expert,2,5,132,144
Brian,https://www.kaggle.com/ldm314,expert,5,14,124,144
Janio Martinez,https://www.kaggle.com/janiobachmann,expert,3,0,396,143
GeSnow,https://www.kaggle.com/jihangz,expert,5,10,101,143
Atul Anand,https://www.kaggle.com/atulanandjha,expert,2,2,143,143
Hassan Amin,https://www.kaggle.com/hassanamin,expert,2,6,71,143
JM100,https://www.kaggle.com/jmourad100,expert,2,9,129,143
Mani Sarkar,https://www.kaggle.com/neomatrix369,expert,0,4,92,143
Ishan Dutta,https://www.kaggle.com/ishandutta,expert,2,4,47,142
Louka Ewington-Pitsos,https://www.kaggle.com/lewington,expert,5,5,63,141
FabienDaniel,https://www.kaggle.com/fabiendaniel,expert,7,14,150,140
Quan,https://www.kaggle.com/quandapro,expert,6,2,49,140
Darragh,https://www.kaggle.com/darraghdog,expert,7,9,94,139
Taemyung Heo,https://www.kaggle.com/tmheo74,expert,5,3,75,139
soham mukherjee,https://www.kaggle.com/soham1024,expert,2,4,55,138
Salman Ibne Eunus,https://www.kaggle.com/salmaneunus,expert,1,0,119,138
Suchith,https://www.kaggle.com/suchith0312,expert,2,4,142,137
Vaishvik,https://www.kaggle.com/vaishvik25,expert,5,1,67,137
Adams,https://www.kaggle.com/adamsfei,expert,6,9,109,136
old-ufo,https://www.kaggle.com/oldufo,expert,5,7,94,134
tito,https://www.kaggle.com/its7171,expert,10,11,49,134
Yih-Dar SHIEH,https://www.kaggle.com/yihdarshieh,expert,3,8,54,133
Harshit Sheoran,https://www.kaggle.com/harshitsheoran,expert,3,4,73,133
Chaitanya Kaul,https://www.kaggle.com/geminikeggler,expert,0,0,111,133
Zac Dannelly,https://www.kaggle.com/dannellyz,expert,3,2,46,132
Ritesh Yadav,https://www.kaggle.com/ritesh2000,expert,0,1,86,132
HarshitMehta,https://www.kaggle.com/harshit92,expert,1,10,120,131
Jeremy Howard,https://www.kaggle.com/jhoward,expert,7,10,85,130
Jack Vial,https://www.kaggle.com/jackvial,expert,3,7,119,130
Chirag Samal,https://www.kaggle.com/chirag9073,expert,2,0,109,129
mezoganet,https://www.kaggle.com/pfichou,expert,4,5,226,128
Akshat Dubey,https://www.kaggle.com/akshat0007,expert,0,2,112,128
tarobxl,https://www.kaggle.com/tarobxl,expert,9,7,65,127
Zoltan,https://www.kaggle.com/szabo7zoltan,expert,3,6,54,126
Julia Says,https://www.kaggle.com/juliasays,expert,2,2,50,126
Felipe Mello,https://www.kaggle.com/felipemello,expert,6,11,61,125
sandy1112,https://www.kaggle.com/sandy1112,expert,2,6,103,124
outrunner,https://www.kaggle.com/outrunner,expert,8,6,46,124
Mr.Shadow,https://www.kaggle.com/chekoduadarsh,expert,3,5,87,124
Abhinand,https://www.kaggle.com/abhinand05,expert,2,8,115,124
Yassine Hamdaoui,https://www.kaggle.com/yassinehamdaoui1,expert,4,2,49,124
B H,https://www.kaggle.com/zero92,expert,3,11,63,123
Panos,https://www.kaggle.com/panosc,expert,11,10,80,122
Christoffer Karlsson,https://www.kaggle.com/christoffer,expert,2,4,57,121
fergusoci,https://www.kaggle.com/fergusoci,expert,2,7,72,121
Jeff Sonas,https://www.kaggle.com/jeffsonas,expert,3,15,310,120
Robert Burbidge,https://www.kaggle.com/robertburbidge,expert,4,4,46,120
chmaxx,https://www.kaggle.com/chmaxx,expert,4,0,50,120
Dalton Hall,https://www.kaggle.com/halldalton94,expert,4,3,52,120
Michal Bogacz,https://www.kaggle.com/michau96,expert,0,0,158,120
Anish Agnihotri,https://www.kaggle.com/anishagnihotri,expert,7,6,50,120
Victor Paslay,https://www.kaggle.com/vpaslay,expert,5,8,65,119
OmerS,https://www.kaggle.com/omershect,expert,4,4,63,119
Hanjoon Choe,https://www.kaggle.com/hanjoonchoe,expert,1,0,131,119
Fedi Ben Messaoud,https://www.kaggle.com/fedi1996,expert,1,4,68,119
RB,https://www.kaggle.com/rashmibanthia,expert,5,6,55,118
Kerem Turgutlu,https://www.kaggle.com/keremt,expert,4,3,67,118
Vikum Sri Wijesinghe,https://www.kaggle.com/vikumsw,expert,1,6,113,118
Eric Bouteillon,https://www.kaggle.com/ebouteillon,expert,5,10,59,118
Miguel Pinto,https://www.kaggle.com/mnpinto,expert,6,6,56,118
Noah Weber,https://www.kaggle.com/zikazika,expert,7,5,76,118
Piyush Paliwal,https://www.kaggle.com/gogogopp,expert,1,7,105,118
Darshan Gandhi,https://www.kaggle.com/darshangandhi,expert,2,1,64,118
merkylove,https://www.kaggle.com/merkylove,expert,5,6,42,117
Aleksandra Deis,https://www.kaggle.com/aleksandradeis,expert,0,1,183,117
Kostya Atarik,https://www.kaggle.com/kostyaatarik,expert,6,10,59,117
Aman Kumar,https://www.kaggle.com/aestheteaman01,expert,2,2,59,117
Krutarth Darji,https://www.kaggle.com/krutarthhd,expert,0,0,126,117
Bunty,https://www.kaggle.com/subbhashit,expert,0,0,109,117
ashkhagan,https://www.kaggle.com/ashkhagan,expert,0,2,101,117
Vlad Golubev,https://www.kaggle.com/golubev,expert,3,5,91,116
Eduardo Rocha de Andrade,https://www.kaggle.com/arc144,expert,4,8,108,116
Kamal Chhirang,https://www.kaggle.com/kamalchhirang,expert,7,5,84,116
Gert,https://www.kaggle.com/gertjac,expert,13,17,82,115
Miha Skalic,https://www.kaggle.com/mihaskalic,expert,12,9,60,115
Laurae,https://www.kaggle.com/laurae2,master,35,57,206,115
veritasium,https://www.kaggle.com/veritasium42,expert,1,1,70,115
Superficially_Bot,https://www.kaggle.com/superficiallybot,expert,0,1,89,115
Kushal Bhavsar,https://www.kaggle.com/spidy20,expert,4,3,86,115
Furagsu,https://www.kaggle.com/efradgamer,expert,0,1,94,115
Shiyuan Zeng,https://www.kaggle.com/cnzengshiyuan,expert,2,0,56,115
AkshatGupta,https://www.kaggle.com/akshat4112,expert,0,3,56,114
NikhilMishra,https://www.kaggle.com/nikhilmishradev,expert,3,3,67,114
Santosh Kumar,https://www.kaggle.com/dssant85,expert,0,0,124,114
NAIN,https://www.kaggle.com/aakashnain,expert,3,7,40,113
OsciiArt,https://www.kaggle.com/osciiart,expert,7,8,48,113
Andrada Olteanu,https://www.kaggle.com/andradaolteanu,expert,1,3,49,113
CarlosPradesK,https://www.kaggle.com/carlospk,expert,4,5,83,112
Kun Hao Yeh,https://www.kaggle.com/khyeh0719,expert,4,4,47,112
Little Boat,https://www.kaggle.com/xiaozhouwang,expert,15,20,125,111
Pranav Kasela,https://www.kaggle.com/pranavkasela,expert,0,1,86,111
Christophe_Lebec,https://www.kaggle.com/christophelebec,expert,1,4,58,111
Ant üêú,https://www.kaggle.com/superant,expert,3,5,77,110
Bruce Young,https://www.kaggle.com/mutantspore,expert,0,7,44,110
Naruhiko Nakanishi,https://www.kaggle.com/grapestone5321,expert,2,7,72,109
Pavlo Fesenko,https://www.kaggle.com/pavlofesenko,expert,2,2,195,109
Pulkit Mehta,https://www.kaggle.com/pulkitmehtawork1985,expert,0,4,128,109
Twinkle Khanna,https://www.kaggle.com/twinkle0705,expert,2,1,77,109
Kalpak Chepurwar,https://www.kaggle.com/kalpakchepurwar,expert,3,0,66,109
Ilya Khristoforov,https://www.kaggle.com/darbin,expert,1,4,168,108
kxx,https://www.kaggle.com/kailex,expert,1,4,160,108
Endi Niu,https://www.kaggle.com/niuddd,expert,3,7,63,108
Bo Peng,https://www.kaggle.com/bopengiowa,expert,0,4,88,108
Jie Lu,https://www.kaggle.com/jielu0728,expert,1,4,46,108
Kostiantyn Isaienkov,https://www.kaggle.com/isaienkov,expert,4,5,48,108
Siddharth Yadav,https://www.kaggle.com/thebrownviking20,expert,1,6,231,108
anttip,https://www.kaggle.com/anttip,expert,11,21,95,107
Ivan Panshin,https://www.kaggle.com/ivanpan,expert,6,9,59,107
Shivam Negi,https://www.kaggle.com/karmashagya44,expert,3,4,78,107
Sanket Parate,https://www.kaggle.com/sanketparate5,expert,0,0,115,107
pete,https://www.kaggle.com/petewills,expert,0,10,105,106
Hamish,https://www.kaggle.com/hamishdickson,expert,2,6,89,106
Meyk,https://www.kaggle.com/meykds,expert,5,12,132,106
marketneutral,https://www.kaggle.com/marketneutral,expert,6,6,88,106
Khairul Islam,https://www.kaggle.com/khairulislam,expert,3,2,71,106
Frank Mollard,https://www.kaggle.com/frankmollard,expert,0,2,92,106
CSD,https://www.kaggle.com/olavomendes,expert,0,4,87,106
kamil,https://www.kaggle.com/kkaczmarek,expert,9,8,50,105
Niharika Pandit,https://www.kaggle.com/niharika41298,expert,0,0,105,104
Amit,https://www.kaggle.com/amit9484,expert,1,4,78,103
Paulo Pinto,https://www.kaggle.com/paulorzp,expert,9,9,91,102
Ekrem Bayar,https://www.kaggle.com/ekrembayar,expert,1,1,129,102
Shize Su,https://www.kaggle.com/sushize,expert,10,6,92,101
Arnaud Roussel,https://www.kaggle.com/arroqc,expert,1,5,64,101
Mehdi Mabrouki,https://www.kaggle.com/mehdimabrouki,expert,1,1,62,101
Vadim Nareyko,https://www.kaggle.com/nareyko,expert,5,3,62,100
Cem Sarƒ±er,https://www.kaggle.com/cemsarier,expert,1,1,90,100
LeonShangguan,https://www.kaggle.com/leonshangguan,expert,6,2,67,100
Oscar Takeshita,https://www.kaggle.com/pliptor,expert,2,11,424,99
Dimosthenis Karaflos,https://www.kaggle.com/dkaraflos,expert,2,11,85,99
Amit Hasan Shuvo,https://www.kaggle.com/amithasanshuvo,expert,1,2,67,99
Thomas Dorfer,https://www.kaggle.com/thomasadorfer,expert,1,1,62,99
BryanB,https://www.kaggle.com/bryanb,expert,1,5,53,98
masoud parpanchi,https://www.kaggle.com/masoudmzb,expert,1,2,101,98
Abhishek Hegde,https://www.kaggle.com/abhishekhegde1998,expert,0,1,83,98
Tom Van de Wiele,https://www.kaggle.com/tvdwiele,expert,7,8,71,97
KeepLearning,https://www.kaggle.com/mathormad,expert,5,9,45,97
InfiniteWing,https://www.kaggle.com/infinitewing,expert,4,13,104,97
yukiya,https://www.kaggle.com/nyleve,expert,2,1,88,97
Hyun woo kim,https://www.kaggle.com/chocozzz,expert,4,3,110,97
Kangbo Lu,https://www.kaggle.com/agilesifaka,expert,0,2,113,97
Stem,https://www.kaggle.com/stemnguyen,expert,0,2,72,97
Arpit falcon,https://www.kaggle.com/arpitfalcon,expert,0,0,81,97
Paras Varshney,https://www.kaggle.com/blurredmachine,expert,1,1,65,96
Bluefool,https://www.kaggle.com/domcastro,master,8,51,494,95
Pritesh Shrivastava,https://www.kaggle.com/priteshshrivastava,expert,1,5,103,95
seefun,https://www.kaggle.com/seefun,expert,4,2,77,95
Satya Muralidhar,https://www.kaggle.com/muralidhar123,expert,0,1,87,95
Somesh Sharma,https://www.kaggle.com/somesh24,expert,0,1,75,95
Niraj,https://www.kaggle.com/nirajpoudel,expert,0,0,95,95
snovik,https://www.kaggle.com/snovik1975,expert,2,7,48,94
charlie_s,https://www.kaggle.com/charlessuhartanto,expert,2,6,63,94
Haythem Tellili,https://www.kaggle.com/haythemtellili5,expert,2,2,54,94
MhdSharuk,https://www.kaggle.com/msharuk589,expert,0,4,68,94
Davide Bonin,https://www.kaggle.com/davidbnn92,expert,0,4,54,94
Chippy,https://www.kaggle.com/nigelcarpenter,expert,9,25,160,93
Dan Ofer,https://www.kaggle.com/danofer,expert,2,5,132,93
M√∂bius,https://www.kaggle.com/arashnic,expert,5,4,42,93
Prashant Kikani,https://www.kaggle.com/prashantkikani,expert,3,5,112,93
ravi tanwar,https://www.kaggle.com/ravijoe,expert,2,0,89,93
Kyle Peters,https://www.kaggle.com/petersk20,expert,2,9,77,93
Burak Batƒ±bay,https://www.kaggle.com/batibayburak,expert,0,0,124,93
Deepak Deepu,https://www.kaggle.com/deepakdeepu8978,expert,1,5,71,93
Sahid Velji,https://www.kaggle.com/sahidvelji,expert,1,3,53,93
Icaro Freire,https://www.kaggle.com/icarofreire,expert,0,2,85,93
Konstantin Maksimov,https://www.kaggle.com/maksimovka,expert,4,11,38,92
chizhu,https://www.kaggle.com/chizhu2018,expert,5,7,41,92
Susant_Achary,https://www.kaggle.com/susant4learning,expert,0,0,86,92
eagle4,https://www.kaggle.com/chabir,expert,3,8,98,91
Indranil Bhattacharya,https://www.kaggle.com/indranilbhattacharya,expert,2,11,109,91
Humberto Brand√£o,https://www.kaggle.com/brandao,expert,5,16,125,91
Suraj RP,https://www.kaggle.com/rpsuraj,expert,1,1,73,91
something4kag,https://www.kaggle.com/something4kag,expert,1,5,108,90
Georgii Vyshnia,https://www.kaggle.com/gvyshnya,expert,2,6,189,90
Zhuang Jia,https://www.kaggle.com/jiazhuang,expert,5,6,62,90
Mohamed Rashad,https://www.kaggle.com/rashaddism,expert,0,1,67,90
Amin,https://www.kaggle.com/amiiiney,expert,2,0,51,90
Francisco Escobar,https://www.kaggle.com/franciscoescobar,expert,0,2,87,90
Pratik Asarkar,https://www.kaggle.com/pratikasarkar,expert,0,0,79,89
Nandhu Elango,https://www.kaggle.com/nandhuelan,expert,0,2,66,89
dasmehdixtr,https://www.kaggle.com/dasmehdixtr,expert,0,0,117,89
William Green,https://www.kaggle.com/dskswu,expert,0,5,118,88
Tejash Shah,https://www.kaggle.com/tejashshah,expert,1,0,95,88
Pravin,https://www.kaggle.com/pravinborate,expert,1,1,65,88
Venkat Murali,https://www.kaggle.com/venky12347,expert,0,2,75,87
Dmitry Vorobiev,https://www.kaggle.com/dvorobiev,expert,2,5,59,87
Navin Mundhra,https://www.kaggle.com/navinmundhra,expert,0,1,69,87
Mohamed Abdullah,https://www.kaggle.com/mohamedabdullah,expert,1,1,91,87
Brian Roach,https://www.kaggle.com/broach,expert,0,3,58,86
Ruslan Talipov,https://www.kaggle.com/rooshroosh,expert,3,4,86,86
katsu1110,https://www.kaggle.com/code1110,expert,0,3,65,86
ùíüùíæùìÇùëíùìÉùìàùíæùëúùìÉ,https://www.kaggle.com/coolcoder22,expert,1,7,51,86
Marie,https://www.kaggle.com/mariapushkareva,expert,0,0,82,86
Nishanth,https://www.kaggle.com/kdnishanth,expert,0,1,80,86
Kush Bhatnagar,https://www.kaggle.com/kushbhatnagar,expert,1,1,73,86
Vijay Gupta,https://www.kaggle.com/vijaygiitk,expert,2,5,58,86
Pawe≈Ç Jankiewicz,https://www.kaggle.com/paweljankiewicz,expert,8,20,90,85
Faron,https://www.kaggle.com/mmueller,master,25,38,196,85
Mighty Rains,https://www.kaggle.com/mightyrains,expert,0,4,54,85
Srihari Pramod,https://www.kaggle.com/sriharipramod,expert,2,2,124,85
Ken Krige,https://www.kaggle.com/kenkrige,expert,1,3,85,85
PurpleCode_073,https://www.kaggle.com/shadey,expert,0,1,102,85
Abu Noman Md. Sakib,https://www.kaggle.com/anmspro,expert,0,0,78,85
Gaurav kumar,https://www.kaggle.com/gauravindia,expert,0,0,117,85
reigHns,https://www.kaggle.com/reighns,expert,1,3,62,85
Eng/Mohamed Nabil,https://www.kaggle.com/eng0mohamed0nabil,expert,1,1,53,85
Ren,https://www.kaggle.com/ryanzhang,expert,1,16,117,84
James McGuigan,https://www.kaggle.com/jamesmcguigan,expert,0,1,63,84
amrrs,https://www.kaggle.com/nulldata,expert,0,2,180,84
Georgios Sarantitis,https://www.kaggle.com/georsara1,expert,4,5,101,84
Samrat Pandiri,https://www.kaggle.com/samratp,expert,5,5,133,84
Chanran Kim,https://www.kaggle.com/seriousran,expert,3,4,52,84
Anna Novikova,https://www.kaggle.com/demonplus,expert,1,4,106,84
bkkaggle,https://www.kaggle.com/bkkaggle,expert,8,7,50,84
podsyp,https://www.kaggle.com/podsyp,expert,0,1,80,84
Oleg Trott,https://www.kaggle.com/olegtrott,expert,3,8,55,83
Dmytro Poplavskiy,https://www.kaggle.com/dmytropoplavskiy,expert,7,11,40,83
David,https://www.kaggle.com/tivfrvqhs5,expert,7,8,36,83
Jo√£o Pedro Peinado,https://www.kaggle.com/joaopmpeinado,expert,3,9,45,83
MaChaogong,https://www.kaggle.com/mcggood,expert,2,3,45,83
Ruchi Bhatia,https://www.kaggle.com/ruchi798,expert,0,3,52,83
Prageeth Anjula,https://www.kaggle.com/praanj,expert,0,1,80,82
Vikas Singh,https://www.kaggle.com/vikassingh1996,expert,0,0,116,82
Helen,https://www.kaggle.com/yuanlin08,expert,0,2,69,82
Abdelrahman Hussein,https://www.kaggle.com/abdelrahmancae,expert,0,4,56,82
nilim,https://www.kaggle.com/snanilim,expert,0,0,80,81
Fred Navruzov,https://www.kaggle.com/frednavruzov,expert,5,18,68,80
Leonardo Ferreira,https://www.kaggle.com/kabure,expert,0,3,209,80
saewonYang,https://www.kaggle.com/yangsaewon,expert,1,4,67,80
Vaibhav Saxena,https://www.kaggle.com/vaibhavsxn,expert,0,0,95,80
liuze,https://www.kaggle.com/jt120lz,expert,1,3,51,80
Vishy,https://www.kaggle.com/viswanathravindran,expert,5,2,86,79
QuantScientist,https://www.kaggle.com/solomonk,expert,5,6,83,79
Rohit Agarwal,https://www.kaggle.com/rohitagarwal,expert,1,3,51,79
Sergey Zlobin,https://www.kaggle.com/sergeyzlobin,expert,0,3,125,79
Misha Lisovyi,https://www.kaggle.com/mlisovyi,expert,2,11,138,79
Daner Ferhadi,https://www.kaggle.com/dferhadi,expert,0,0,94,79
Ben Tesch,https://www.kaggle.com/btesch,expert,1,2,50,78
Hikkiiiiiiiii,https://www.kaggle.com/wochidadonggua,expert,4,6,40,78
Lukasz Grad,https://www.kaggle.com/lukeeee,expert,7,8,48,78
Boris D.,https://www.kaggle.com/borisdee,expert,2,8,40,78
Kassem,https://www.kaggle.com/elcaiseri,expert,1,4,94,78
Zach,https://www.kaggle.com/zachmayer,expert,4,18,204,77
Kruegger,https://www.kaggle.com/kruegger,expert,9,5,47,77
somnambWl,https://www.kaggle.com/somnambwl,expert,0,3,70,77
Aguiar,https://www.kaggle.com/jsaguiar,expert,5,6,99,77
Mourad,https://www.kaggle.com/msheriey,expert,1,4,51,77
Sreshta Putchala,https://www.kaggle.com/sreshta140,expert,0,0,73,77
Optimo,https://www.kaggle.com/optimo,expert,0,2,50,76
Vadim Borisov,https://www.kaggle.com/hireme,expert,3,8,111,76
silverstone,https://www.kaggle.com/silverstone1903,expert,5,1,47,76
Mark Worrall,https://www.kaggle.com/maw501,expert,6,7,63,76
Tushar,https://www.kaggle.com/thanatoz,expert,1,7,63,76
Pavan Sanagapati,https://www.kaggle.com/pavansanagapati,expert,0,0,130,76
Bukun,https://www.kaggle.com/ambarish,expert,0,5,181,74
steubk,https://www.kaggle.com/steubk,expert,5,7,40,74
David Mezzetti,https://www.kaggle.com/davidmezzetti,expert,0,2,61,74
Sani Kamal,https://www.kaggle.com/sanikamal,expert,1,2,125,74
Amaan,https://www.kaggle.com/rainmaker29,expert,0,0,56,74
Jared Savage,https://www.kaggle.com/jaredsavage,expert,1,2,79,74
Gerwyn Ng,https://www.kaggle.com/gerwynng,expert,1,3,51,74
Alexander Butakov,https://www.kaggle.com/acbutakov,expert,2,7,86,74
Utku_Kubilay,https://www.kaggle.com/utkukubilay,expert,1,6,63,74
Kareem Negm,https://www.kaggle.com/kareem3egm,expert,0,1,66,74
Tarun Chilkur,https://www.kaggle.com/tarunchilkur,expert,1,0,68,74
Rashidul Hasan Hridoy,https://www.kaggle.com/rashidulhasanhridoy,expert,0,1,59,74
Lyalikov Artyom,https://www.kaggle.com/timon88,expert,4,4,60,73
nicapotato,https://www.kaggle.com/nicapotato,expert,1,5,181,73
averagemn,https://www.kaggle.com/donkeys,expert,0,2,90,73
Marcus Lin,https://www.kaggle.com/marcuslin,expert,2,12,73,73
Allen Goodman,https://www.kaggle.com/agoodman,expert,11,10,54,73
Antonis Maronikolakis,https://www.kaggle.com/antmarakis,expert,5,6,79,73
Fatih Bilgin,https://www.kaggle.com/fatihbilgin,expert,0,1,105,73
A^b,https://www.kaggle.com/abrial,expert,1,6,110,72
Blonde,https://www.kaggle.com/blondinka,expert,2,2,70,72
Shashank Gupta,https://www.kaggle.com/wrecked22,expert,0,0,63,72
Suneel Patel,https://www.kaggle.com/suneelpatel,expert,1,3,93,72
Raman,https://www.kaggle.com/samusram,expert,1,3,53,71
JasonZivkovic,https://www.kaggle.com/jaseziv83,expert,0,1,91,71
Brian Lee,https://www.kaggle.com/joonl04,expert,2,2,54,71
Fellipe Gomes,https://www.kaggle.com/gomes555,expert,0,0,67,71
manzoor mahmood,https://www.kaggle.com/manzoormahmood,expert,0,1,55,71
kit.ai,https://www.kaggle.com/kitagrawal,expert,0,0,72,71
Chintan Chitroda,https://www.kaggle.com/chintanchitroda,expert,0,5,49,71
Raj,https://www.kaggle.com/rp1611,expert,0,3,58,70
Siddhartha,https://www.kaggle.com/meaninglesslives,expert,2,2,50,70
Nicholas,https://www.kaggle.com/nicholasgah,expert,0,0,83,70
Abhijith Chandra Das,https://www.kaggle.com/abhijithchandradas,expert,0,0,78,70
niteshy,https://www.kaggle.com/niteshfre,expert,1,2,90,70
Shaurya Lalwani,https://www.kaggle.com/shauryaa117,expert,0,2,57,70
Erkan Hatipoƒülu,https://www.kaggle.com/erkanhatipoglu,expert,0,1,86,70
mamas,https://www.kaggle.com/mamasinkgs,expert,3,7,41,69
GSD,https://www.kaggle.com/gsdeepakkumar,expert,0,1,247,69
Hanke Chen,https://www.kaggle.com/kokecacao,expert,3,4,46,69
Rahul,https://www.kaggle.com/rahulharlalka,expert,0,1,61,69
Michel ML,https://www.kaggle.com/michelml,expert,1,5,51,68
PARKER,https://www.kaggle.com/cswwp347724,expert,0,2,63,68
DavidGbodiOdaibo,https://www.kaggle.com/godaibo,expert,4,7,78,68
Alexander Kireev,https://www.kaggle.com/alexanderkireev,expert,3,3,86,68
the1owl,https://www.kaggle.com/jazivxt,expert,3,3,55,68
Kush Shah,https://www.kaggle.com/kushshah95,expert,0,0,59,68
Frank Puk,https://www.kaggle.com/pukkinming,expert,1,4,70,67
Eduardo Fonseca,https://www.kaggle.com/eduardofonseca,expert,1,7,53,67
Karan Jakhar,https://www.kaggle.com/karanjakhar,expert,0,0,121,67
Viraj Bagal,https://www.kaggle.com/virajbagal,expert,1,1,63,67
ÂæÆÁ¨ëÂ§©‰ΩøÊ°•Êú¨ÊúâËèú,https://www.kaggle.com/xujingzhao,expert,0,2,67,67
Shivam,https://www.kaggle.com/machinescientist,expert,0,0,60,67
Eric Freeman,https://www.kaggle.com/ericfreeman,expert,1,1,54,66
Akash kumar,https://www.kaggle.com/singhakash,expert,0,1,57,66
Lorenzo De Tomasi,https://www.kaggle.com/lodetomasi1995,expert,1,4,70,66
AlbertoDS,https://www.kaggle.com/userds2000,expert,0,0,76,66
Aadhav Vignesh,https://www.kaggle.com/aadhavvignesh,expert,0,0,57,66
Johar M. Ashfaque,https://www.kaggle.com/ukveteran,expert,0,0,65,65
Shahbaz Khan,https://www.kaggle.com/thehawkgriffith,expert,1,1,62,65
Divya Shah,https://www.kaggle.com/divya2509,expert,2,4,47,65
Ahmed Mohamed,https://www.kaggle.com/ahmedsmara,expert,0,0,84,65
sh,https://www.kaggle.com/sidhanthholalkere,expert,1,3,58,65
Digvijay Yadav,https://www.kaggle.com/digvijayyadav,expert,0,0,60,65
Triskelion,https://www.kaggle.com/triskelion,master,32,68,403,64
Insaf Ashrapov,https://www.kaggle.com/insaff,expert,3,4,54,64
Anne Carpenter,https://www.kaggle.com/drannecarpenter,expert,9,13,57,64
Akhilesh,https://www.kaggle.com/akhileshrai,expert,0,0,112,64
Ganesh,https://www.kaggle.com/ganeshnimmala,expert,1,0,104,64
Anusha Nidamanuri,https://www.kaggle.com/anushakarthik1991,expert,0,1,58,64
Dharini R,https://www.kaggle.com/dharinir242001,expert,0,0,52,64
Beni Vitai,https://www.kaggle.com/benivitai,expert,0,1,51,64
Taffey Lewis,https://www.kaggle.com/taffeylewis,expert,6,20,195,63
Jianfei Wang,https://www.kaggle.com/codlife,expert,0,6,97,63
Tak,https://www.kaggle.com/takaishikawa,expert,2,5,44,63
Annabelle,https://www.kaggle.com/sezaugg,expert,1,8,44,63
dhaqui the kaggler,https://www.kaggle.com/dhaqui,expert,1,2,95,63
Felipe Jardim,https://www.kaggle.com/felipejardimf,expert,0,1,58,63
Chittal Patel,https://www.kaggle.com/chittalpatel,expert,0,1,64,63
G Ranjith kumar,https://www.kaggle.com/granjithkumar,expert,0,0,62,63
Davut Polat,https://www.kaggle.com/davutpolat,expert,7,8,88,62
Priyam Kakati,https://www.kaggle.com/iteachmachines,expert,0,0,61,62
Fabiani Kiabi,https://www.kaggle.com/fabianikiabi,expert,0,0,69,62
Gaurav Singh,https://www.kaggle.com/gauravdahiya,expert,0,0,58,62
Marcin Pƒôkalski,https://www.kaggle.com/mpekalski,expert,2,7,130,61
DavidS,https://www.kaggle.com/davids1992,expert,2,1,57,61
rpyverse,https://www.kaggle.com/pranav84,expert,2,11,150,61
Thomas Yokota,https://www.kaggle.com/learnmower,expert,3,4,47,61
Ilham Firdausi Putra,https://www.kaggle.com/ilhamfp31,expert,1,2,65,61
Prashant Manshani,https://www.kaggle.com/prazhant,expert,0,2,92,61
synergy37AI,https://www.kaggle.com/econdata,expert,0,1,123,61
Tanmay Pandey,https://www.kaggle.com/tanmaypandey,expert,2,4,58,61
Pratik Mukherjee,https://www.kaggle.com/pratik1120,expert,0,0,60,61
Md Selim Reza,https://www.kaggle.com/mdselimreza,expert,0,0,55,61
Pratik Barua,https://www.kaggle.com/pratikbarua,expert,0,0,60,61
qianqian,https://www.kaggle.com/qqgeogor,expert,14,17,66,60
Roberto Spadim,https://www.kaggle.com/rspadim,expert,3,5,174,60
Batangas,https://www.kaggle.com/batangas,expert,2,4,52,60
qizheng,https://www.kaggle.com/yuqizheng,expert,0,4,49,60
sourcecode369,https://www.kaggle.com/rhtsingh,expert,0,0,66,60
Leigh,https://www.kaggle.com/leighplt,expert,1,5,45,60
Bavalpreet,https://www.kaggle.com/bavalpreet26,expert,0,0,72,60
Marcos Martins Marchetti,https://www.kaggle.com/mmmarchetti,expert,0,1,73,60
Siddharth Chillale,https://www.kaggle.com/siddalore,expert,0,1,54,60
David J. Slate,https://www.kaggle.com/dslate,expert,5,8,88,59
Max Schumacher,https://www.kaggle.com/mschumacher,expert,3,9,59,59
Michael Maguire,https://www.kaggle.com/thawatt,expert,6,14,120,59
Joel Hanson,https://www.kaggle.com/joelhanson,expert,0,0,109,59
Ahan,https://www.kaggle.com/spurryag,expert,1,2,83,59
Mateusz Kwa≈õniak,https://www.kaggle.com/mtszkw,expert,0,2,55,59
Mahmoud El Fahl,https://www.kaggle.com/mahmoudelfahl,expert,0,1,60,59
Andrea Garritano,https://www.kaggle.com/andreagarritano,expert,1,1,53,59
Nader A.Rasoul,https://www.kaggle.com/naderrasoul,expert,0,0,66,59
Jared Turkewitz,https://www.kaggle.com/jturkewitz,expert,18,29,176,58
Aditya Vyas,https://www.kaggle.com/aditya1702,expert,3,5,97,58
Steven Nguyen,https://www.kaggle.com/stevenknguyen,expert,3,11,180,58
Md. Atik Ahamed,https://www.kaggle.com/atikahamed,expert,0,0,60,58
yash chaudhary,https://www.kaggle.com/yash612,expert,0,0,57,58
Rahul Agarwal,https://www.kaggle.com/mlwhiz,expert,5,4,53,57
Vishnu,https://www.kaggle.com/vishnus,expert,2,5,47,57
Amjad,https://www.kaggle.com/amjad85,expert,1,5,47,57
Sameh Faidi,https://www.kaggle.com/samehif,expert,7,17,93,57
Cola,https://www.kaggle.com/kelexu,expert,5,11,65,57
Tayyab Ali,https://www.kaggle.com/tayyabali55,expert,0,1,55,57
KraLMachine,https://www.kaggle.com/kralmachine,expert,1,1,124,57
Shweta Goyal,https://www.kaggle.com/shwetagoyal4,expert,1,0,88,57
Saba Tavoosi,https://www.kaggle.com/tavoosi,expert,1,0,84,57
Rohan Mahajan,https://www.kaggle.com/rohanmahajan011,expert,0,1,58,57
Ada Kibet,https://www.kaggle.com/adakibet,expert,0,0,56,57
Mohsin hasan,https://www.kaggle.com/tezdhar,expert,4,13,58,56
DennisSakva,https://www.kaggle.com/sakvaua,expert,4,6,98,56
happycube,https://www.kaggle.com/happycube,expert,7,15,267,56
Tushar Mittal,https://www.kaggle.com/techytushar,expert,0,1,59,56
Carlos Dom√≠nguez,https://www.kaggle.com/carlosdg,expert,0,0,72,56
Mohommad Najeed Osmani,https://www.kaggle.com/najeedosmani,expert,0,0,53,56
Meet Ranoliya,https://www.kaggle.com/meemr5,expert,0,0,61,56
V√≠tor Gama Lemos,https://www.kaggle.com/vitorgamalemos,expert,0,2,56,56
üê≥È≤≤(China),https://www.kaggle.com/nickycan,expert,8,13,84,55
Matei Ionita,https://www.kaggle.com/mateiionita,expert,1,5,52,55
Neelima Jauhari,https://www.kaggle.com/nilimajauhari,expert,0,0,53,55
Shai,https://www.kaggle.com/sgalib,expert,1,3,51,54
Shruti_Iyyer,https://www.kaggle.com/shrutimechlearn,expert,0,1,72,54
Akash Ravichandran,https://www.kaggle.com/akashravichandran,expert,1,5,72,54
Vibhor Jain,https://www.kaggle.com/vjcalling,expert,0,2,102,54
ChewZY,https://www.kaggle.com/chewzy,expert,0,2,74,54
Nicolas H,https://www.kaggle.com/nhlr21,expert,0,5,83,54
Ben Nye,https://www.kaggle.com/angrim,expert,0,5,85,54
Dean,https://www.kaggle.com/cometome,expert,0,0,56,54
Ertuƒürul Demir,https://www.kaggle.com/datafan07,expert,0,0,52,54
prose,https://www.kaggle.com/proselotis,expert,0,0,56,53
Laura Fink,https://www.kaggle.com/allunia,expert,0,1,82,53
devforfu,https://www.kaggle.com/purplejester,expert,0,3,53,53
blacksix,https://www.kaggle.com/blacksix,expert,1,9,66,53
Emre √áetin,https://www.kaggle.com/emrecetin,expert,0,0,60,53
Bill Holst,https://www.kaggle.com/wjholst,expert,1,2,50,52
Melih Kanbay,https://www.kaggle.com/melihkanbay,expert,0,0,59,52
blindinglights,https://www.kaggle.com/blindinglights,expert,0,0,58,52
Khurram Siddiqui,https://www.kaggle.com/oraware,expert,0,0,67,51
ironbar,https://www.kaggle.com/ironbar,expert,9,9,78,51
SteveKane,https://www.kaggle.com/abednadir,expert,1,7,65,51
Mohammed Deeb,https://www.kaggle.com/masteronepiece,expert,0,0,66,51
Captain Awesome,https://www.kaggle.com/stjarnan,expert,0,0,57,51
Nooh,https://www.kaggle.com/nuhsikander,expert,3,7,78,50
Larxel,https://www.kaggle.com/andrewmvd,expert,1,3,48,50
Antoine,https://www.kaggle.com/areveillon,expert,2,3,62,50
wjsheng,https://www.kaggle.com/wjshenggggg,expert,0,1,65,50
gunish jha,https://www.kaggle.com/gunishj,expert,0,1,91,50
Binu,https://www.kaggle.com/biphili,expert,0,0,78,50
Data-Science Sean,https://www.kaggle.com/larsen0966,expert,0,0,57,50
PSVishnu,https://www.kaggle.com/psvishnu,expert,0,0,78,50
dimkadimon,https://www.kaggle.com/dimkadimon,expert,0,6,47,49
Ceshine Lee,https://www.kaggle.com/ceshine,expert,3,7,53,49
Pavel Troshenkov,https://www.kaggle.com/pavetr,expert,7,5,46,49
Binil,https://www.kaggle.com/binilg,expert,2,5,69,49
Aleksey Bilogur,https://www.kaggle.com/residentmario,expert,0,2,219,49
Shabie Iqbal,https://www.kaggle.com/shiqbal,expert,1,5,48,49
Saikat Biswas,https://www.kaggle.com/damnboy,expert,0,0,77,49
J MA,https://www.kaggle.com/jinmahkust,expert,3,3,51,48
good good study,https://www.kaggle.com/zjucor,expert,2,2,55,48
Mekaveli.,https://www.kaggle.com/icemekaveli,expert,3,1,59,48
Monika Panfil,https://www.kaggle.com/mpanfil,expert,0,2,54,48
Mithrillion,https://www.kaggle.com/mithrillion,expert,2,6,48,47
Panchajanya Banerjee (Pancham),https://www.kaggle.com/delayedkarma,expert,1,2,75,47
Lathwal,https://www.kaggle.com/codename007,expert,4,4,130,47
C_M,https://www.kaggle.com/ashukr,expert,2,2,58,47
Sumit Mishra,https://www.kaggle.com/sumitm004,expert,0,0,60,47
SM,https://www.kaggle.com/sermakarevich,expert,3,2,46,46
bearstrikesback,https://www.kaggle.com/bearstrikesback,expert,2,4,49,46
CVxTz,https://www.kaggle.com/CVxTz,expert,4,7,56,46
Zeeshan-ul-hassan Usmani,https://www.kaggle.com/zusmani,expert,5,4,75,46
Kevin,https://www.kaggle.com/kevinbonnes,expert,3,6,61,46
Harun-Ur-Rashid,https://www.kaggle.com/harunshimanto,expert,1,0,90,46
Piyush Rastogi,https://www.kaggle.com/piyras23,expert,0,2,67,46
Robert Lohne,https://www.kaggle.com/regressionsquirrel,expert,0,2,59,46
Puja Karki,https://www.kaggle.com/pujakarki,expert,0,0,54,46
Glimmung,https://www.kaggle.com/glimmung,expert,0,1,54,45
Chia-Ta Tsai,https://www.kaggle.com/cttsai,expert,4,5,84,45
Jiazhen Xi,https://www.kaggle.com/johnfarrell,expert,3,9,47,45
KALE,https://www.kaggle.com/cczaixian,expert,1,7,74,45
wayward_artisan,https://www.kaggle.com/taniaj,expert,1,3,55,45
Andre Sionek,https://www.kaggle.com/andresionek,expert,0,5,46,45
Nicole Finnie,https://www.kaggle.com/nicolefinnie,expert,2,4,87,45
Adriano Avelar,https://www.kaggle.com/adrianoavelar,expert,0,4,46,45
AnuragNegi,https://www.kaggle.com/anuragnegi,expert,1,0,52,45
Taner Sekmen,https://www.kaggle.com/tanersekmen,expert,0,0,56,45
Devin Anzelmo,https://www.kaggle.com/devinanzelmo,expert,5,11,261,44
weDo,https://www.kaggle.com/ankittomar1,expert,0,0,72,44
r4m0n,https://www.kaggle.com/mumech,expert,1,6,91,44
rohan,https://www.kaggle.com/rohandx1996,expert,1,0,59,44
Shanth,https://www.kaggle.com/shanth84,expert,4,3,50,44
Pranav Pulijala,https://www.kaggle.com/pranavpulijala,expert,0,1,51,44
Rashidul H,https://www.kaggle.com/rhhridoy,expert,0,0,72,44
David Rousseau,https://www.kaggle.com/droussea,expert,4,8,82,43
Oleg Panichev,https://www.kaggle.com/opanichev,expert,3,10,43,43
William Horton,https://www.kaggle.com/hortonhearsafoo,expert,1,2,59,43
Murat Korkmaz,https://www.kaggle.com/fatall,expert,2,2,47,43
Dr. Hemanth Kumar,https://www.kaggle.com/hemanth007,expert,0,0,56,43
yilisg,https://www.kaggle.com/yilihome,expert,7,6,42,42
Bharat Singh,https://www.kaggle.com/bharatsingh213,expert,1,0,58,42
Alec Kulakowski,https://www.kaggle.com/alecthekulak,expert,1,1,86,42
Ashwini Swain,https://www.kaggle.com/ash316,expert,1,3,104,41
Bryan Arnold,https://www.kaggle.com/puremath86,expert,1,4,79,41
Allen,https://www.kaggle.com/afgonczol,expert,1,5,53,41
Haripriya TV,https://www.kaggle.com/haripriyatv,expert,0,2,58,41
Ahmad Javed,https://www.kaggle.com/ahmadjaved097,expert,0,0,61,41
Victor Menuzzo,https://www.kaggle.com/victormenuzzo,expert,0,0,56,41
ysuzuki,https://www.kaggle.com/dsv61999,expert,0,1,54,41
Bishwarup B,https://www.kaggle.com/bishwarup,expert,6,10,51,40
Muhammad Alfiansyah,https://www.kaggle.com/muhammadalfiansyah,expert,4,3,73,40
mtodisco10,https://www.kaggle.com/mtodisco10,expert,0,1,74,40
Charles Jansen,https://www.kaggle.com/cjansen,expert,6,7,83,40
Arunkumar Venkataramanan,https://www.kaggle.com/arunkumarramanan,expert,0,0,68,40
Arthur Suilin,https://www.kaggle.com/asuilin,expert,4,7,48,40
AldrinL,https://www.kaggle.com/aldrinl,expert,0,0,62,40
MrOoijer,https://www.kaggle.com/mrooijer,expert,3,11,70,39
Jason King,https://www.kaggle.com/jkkphys,expert,0,3,173,39
Kishore M,https://www.kaggle.com/reachkishore,expert,3,2,62,39
C4rl05/V,https://www.kaggle.com/cv13j0,expert,0,1,62,39
ForesightKing,https://www.kaggle.com/elsa1717,expert,0,0,53,39
Marsh,https://www.kaggle.com/vbookshelf,expert,1,1,50,39
Pradeep Muniasamy,https://www.kaggle.com/pradeepmuniasamy,expert,0,0,60,39
Krishna Katyal,https://www.kaggle.com/krishnakatyal,expert,0,0,63,39
oskird,https://www.kaggle.com/sz8416,expert,1,6,83,39
Xiaoyang Liu,https://www.kaggle.com/xasiimov,expert,0,1,55,39
Pawandeep Singh,https://www.kaggle.com/iluvmahheart,expert,0,0,73,39
Mehul Sampat,https://www.kaggle.com/mpsampat,expert,0,5,47,38
SeaBreeze,https://www.kaggle.com/seabreeze,expert,1,1,74,37
Yair Beer,https://www.kaggle.com/mrbeer,expert,2,4,73,37
Radu Stoicescu,https://www.kaggle.com/radustoicescu,expert,6,7,71,37
Sohaib Omar,https://www.kaggle.com/sohaibomar,expert,0,6,110,37
Chandra Bhushan Roy,https://www.kaggle.com/chandraroy,expert,0,0,56,37
Y Assous,https://www.kaggle.com/xtelima,expert,1,1,70,37
Snorlax,https://www.kaggle.com/wythhh,expert,1,12,60,36
To Train Them Is My Cause,https://www.kaggle.com/rhgrossm,expert,5,9,46,36
Tim Joseph,https://www.kaggle.com/timjoseph,expert,3,8,79,36
AlphaMeow,https://www.kaggle.com/rivershadowy,expert,2,9,104,36
Eric,https://www.kaggle.com/ericbenhamou,expert,4,1,84,36
Cihan Yatbaz,https://www.kaggle.com/cihanyatbaz,expert,0,0,102,36
Rishi,https://www.kaggle.com/littleraj30,expert,0,1,61,36
Eric R,https://www.kaggle.com/vivaroma,expert,0,3,54,36
quadcore/Richard Epstein,https://www.kaggle.com/richardepstein,expert,1,4,47,35
Ranjeet Jain,https://www.kaggle.com/ranjeetjain3,expert,2,0,53,35
Vincent Lugat,https://www.kaggle.com/vincentlugat,expert,1,0,71,35
Louis Yang,https://www.kaggle.com/louis925,expert,1,1,48,35
makogarei,https://www.kaggle.com/snakayama,expert,0,0,59,35
rahul,https://www.kaggle.com/rahul197,expert,1,0,63,35
David Beniaguev,https://www.kaggle.com/selfishgene,expert,6,11,83,34
Mohd Shadab Alam,https://www.kaggle.com/outliar,expert,5,8,66,34
Matias Thayer,https://www.kaggle.com/chechir,expert,2,6,53,34
Abhilash Awasthi,https://www.kaggle.com/abhilashawasthi,expert,2,3,56,34
MengYe,https://www.kaggle.com/konohayui,expert,0,5,74,34
Rajesh kumar jha,https://www.kaggle.com/rajeshjnv,expert,0,1,64,34
Bruno G. do Amaral,https://www.kaggle.com/bguberfain,expert,2,5,61,33
DSEverything,https://www.kaggle.com/dongxu027,expert,3,4,101,33
James Requa,https://www.kaggle.com/jamesrequa,expert,1,3,58,33
Deniz Kavi,https://www.kaggle.com/denizkavi1,expert,0,1,57,33
Shay Guterman,https://www.kaggle.com/shaygu,expert,0,1,55,33
Mike Kim,https://www.kaggle.com/mikeskim,expert,19,31,126,32
Arindam,https://www.kaggle.com/arindamgot,expert,2,2,61,32
richarde,https://www.kaggle.com/richarde,expert,0,2,67,32
Eric Vos,https://www.kaggle.com/a45632,expert,0,2,59,32
Yibing Wu,https://www.kaggle.com/ybwu01,expert,2,6,48,32
Somin Wadhwa,https://www.kaggle.com/sominwadhwa,expert,2,4,60,31
Matthew Anderson,https://www.kaggle.com/matthewa313,expert,1,2,73,31
Asparuh Hristov,https://www.kaggle.com/asparuhhristov,expert,1,7,50,31
def me(x),https://www.kaggle.com/ruslankl,expert,1,3,69,31
Nick,https://www.kaggle.com/nnnnick,expert,2,0,55,31
Ilya Bakalets,https://www.kaggle.com/techguardian,expert,1,2,57,31
barisumog,https://www.kaggle.com/barisumog,expert,14,30,116,30
GarethJones,https://www.kaggle.com/garethjns,expert,2,3,76,30
√òystein Sch√∏nning-Johansen,https://www.kaggle.com/oysteijo,expert,1,9,98,30
Peter,https://www.kaggle.com/peterdekkers101,expert,0,2,52,30
Abhishekmamidi,https://www.kaggle.com/abhishekmamidi,expert,0,1,55,30
DataCanary,https://www.kaggle.com/datacanary,expert,6,6,124,29
Toby Cheese,https://www.kaggle.com/tobycheese,expert,6,6,92,29
Kheirallah Samaha,https://www.kaggle.com/khsamaha,expert,0,0,112,29
Pedro Reis,https://www.kaggle.com/pedromlsreis,expert,2,2,47,29
Stefano Nocco,https://www.kaggle.com/snocco,expert,0,1,62,29
Alexander Larko,https://www.kaggle.com/alexxanderlarko,expert,3,9,70,28
Jose Berengueres,https://www.kaggle.com/harriken,expert,0,2,67,28
jmbull,https://www.kaggle.com/jmbull,expert,1,5,113,28
Serkan Peldek,https://www.kaggle.com/serkanpeldek,expert,0,0,54,28
Herra Huu,https://www.kaggle.com/herrahuu,expert,5,19,87,27
yr,https://www.kaggle.com/chenglongchen,expert,10,13,118,27
shivraj,https://www.kaggle.com/shivrajp,expert,2,3,53,27
H√•kon Hapnes Strand,https://www.kaggle.com/hhstrand,expert,2,2,46,27
MichaelS,https://www.kaggle.com/michaelsnell,expert,0,7,66,27
Bruce,https://www.kaggle.com/moizzz,expert,0,2,49,27
Nilan,https://www.kaggle.com/nilanml,expert,0,0,66,27
deja vu,https://www.kaggle.com/dejavu23,expert,0,0,51,27
ALOK PRATAP,https://www.kaggle.com/alokpratap,expert,0,0,68,27
Oleksandr (Alex) Akulov,https://www.kaggle.com/ogakulov,expert,0,4,58,26
dmi3kno,https://www.kaggle.com/dmi3kno,expert,6,13,136,26
Anisotropic,https://www.kaggle.com/arthurtok,expert,1,4,113,26
Will Koehrsen,https://www.kaggle.com/willkoehrsen,expert,0,1,69,26
Karthik Tsaliki,https://www.kaggle.com/karthik7395,expert,0,1,56,26
kageyama,https://www.kaggle.com/kageyama,expert,0,0,52,26
Ishaan Jain,https://www.kaggle.com/ishaan45,expert,0,2,57,26
Gulshan Yadav,https://www.kaggle.com/gulshany01,expert,0,0,54,26
Nima Shahbazi,https://www.kaggle.com/nimashahbazi,expert,2,5,53,25
lystdo,https://www.kaggle.com/lystdo,expert,4,2,55,25
Robert,https://www.kaggle.com/robertkag,expert,1,6,48,24
Ravijeet,https://www.kaggle.com/ravijeet,expert,0,3,55,24
Jonathan Bouchet,https://www.kaggle.com/jonathanbouchet,expert,0,1,82,24
Wojtek Rosinski,https://www.kaggle.com/wrosinski,expert,6,4,44,24
Cro-Magnon,https://www.kaggle.com/robertoruiz,expert,4,7,63,24
Niyamat Ullah,https://www.kaggle.com/niyamatalmass,expert,0,0,60,24
DATAI,https://www.kaggle.com/kanncaa1,expert,0,3,83,24
Shabbir,https://www.kaggle.com/shabbrikhan0015,expert,0,2,48,24
Daniel Vaughan,https://www.kaggle.com/danielv7,expert,0,0,61,23
Nathan Lauga,https://www.kaggle.com/nathanlauga,expert,1,1,60,23
Dmitry Dryomov,https://www.kaggle.com/dremovd,expert,6,3,85,22
Faraz Rahman,https://www.kaggle.com/farazrahman,expert,0,2,63,22
bonzer__,https://www.kaggle.com/nayansolanki2411,expert,0,0,55,22
Kaushik P,https://www.kaggle.com/kaushikp9,expert,0,0,71,22
dineshbarri,https://www.kaggle.com/dinuuu,expert,0,4,51,22
NelsonGon,https://www.kaggle.com/gonnel,expert,0,1,58,22
lewis,https://www.kaggle.com/cartographic,expert,1,8,69,21
dune_dweller,https://www.kaggle.com/dvasyukova,expert,13,17,49,21
Luis Moneda,https://www.kaggle.com/lgmoneda,expert,0,8,55,21
Aashita Kesarwani,https://www.kaggle.com/aashita,expert,1,1,66,21
Prashanth Thangavel,https://www.kaggle.com/prashanththangavel,expert,0,1,50,21
Joshua Reed,https://www.kaggle.com/josh24990,expert,0,0,73,21
Qingchen,https://www.kaggle.com/qwang88,expert,8,13,89,20
Rudi Kruger,https://www.kaggle.com/rudikruger,expert,1,5,104,20
Justfor,https://www.kaggle.com/justfor,expert,5,2,63,20
rakhlin,https://www.kaggle.com/rakhlin,expert,1,6,94,19
Stephen McInerney,https://www.kaggle.com/smcinerney,expert,0,3,76,18
Willie Liao,https://www.kaggle.com/willieliao,expert,3,16,149,18
Jules,https://www.kaggle.com/julesvanligtenberg,expert,3,5,55,18
amaia,https://www.kaggle.com/aamaia,expert,2,7,44,18
akshatp,https://www.kaggle.com/akshatpathak,expert,0,0,52,18
Chinta,https://www.kaggle.com/chinta,expert,0,2,60,17
giim,https://www.kaggle.com/gimunu,expert,1,1,51,17
Anton Mashikhin,https://www.kaggle.com/heyt0ny,expert,1,3,53,17
Sergey Yurgenson,https://www.kaggle.com/ccccat,expert,4,14,108,16
j_scheibel,https://www.kaggle.com/jscheibel,expert,2,2,65,16
Victor,https://www.kaggle.com/nedelko,expert,1,9,43,16
nagadomi,https://www.kaggle.com/nagadomi,expert,2,12,39,16
Gerard Toonstra,https://www.kaggle.com/remap1,expert,3,12,69,16
Troy Walters,https://www.kaggle.com/captcalculator,expert,0,5,59,16
StuartLu,https://www.kaggle.com/lxs0202,expert,2,3,54,16
ADM,https://www.kaggle.com/arjundas,expert,0,0,56,16
Paul Larmuseau,https://www.kaggle.com/plarmuseau,expert,0,1,53,16
xentropist,https://www.kaggle.com/jcuypers,expert,2,3,60,16
Wei Chun Chang,https://www.kaggle.com/justjun0321,expert,0,0,58,16
Mitchell O'Brien,https://www.kaggle.com/obrienmitch94,expert,0,0,59,16
Alex K,https://www.kaggle.com/alexey2004,expert,1,1,74,15
Giulio,https://www.kaggle.com/adjgiulio,expert,11,18,146,15
Diego,https://www.kaggle.com/dmenin,expert,3,3,62,15
Umesh,https://www.kaggle.com/umeshnarayanappa,expert,0,2,67,15
Oussama Errabia,https://www.kaggle.com/hisuka,expert,0,8,77,15
"Alan ""AJ"" Pryor, Ph.D.",https://www.kaggle.com/apryor6,expert,3,5,95,15
Jos√© A. Guerrero,https://www.kaggle.com/blindape,expert,3,5,48,14
Fernando Constantino,https://www.kaggle.com/fernandoconstantino,expert,5,5,57,14
bobutis,https://www.kaggle.com/bobutis,expert,0,6,44,14
Hugo Pinto,https://www.kaggle.com/huguera,expert,1,2,47,14
Kueipo H.,https://www.kaggle.com/kueipo,expert,0,3,55,14
Mahbub,https://www.kaggle.com/mahbubrob,expert,0,1,63,14
Craig Glastonbury,https://www.kaggle.com/craigglastonbury,expert,1,5,44,13
Julian de Wit,https://www.kaggle.com/juliandewit,expert,6,8,49,12
David Thaler,https://www.kaggle.com/davidthaler,expert,10,9,99,12
Tim Hochberg,https://www.kaggle.com/bitsofbits,expert,4,7,81,12
Ravi Teja Gutta,https://www.kaggle.com/rteja1113,expert,0,3,47,12
Eric Chan,https://www.kaggle.com/ericlikedata,expert,0,2,50,12
Anil Thomas,https://www.kaggle.com/anlthms,expert,4,8,70,11
clustifier,https://www.kaggle.com/clustifier,expert,1,4,56,11
Ben S,https://www.kaggle.com/bensolucky,expert,4,6,71,11
Siddharth Chandrakant,https://www.kaggle.com/sadz2201,expert,3,2,46,11
JeffH,https://www.kaggle.com/jeffhebert,expert,3,12,69,11
Snow Dog,https://www.kaggle.com/snowdog,expert,0,1,73,11
BuryBuryZymon,https://www.kaggle.com/maheshdadhich,expert,0,1,49,11
Charles Roberson,https://www.kaggle.com/charlesroberson,expert,1,5,44,11
Jihye Sofia Seo,https://www.kaggle.com/jihyeseo,expert,0,0,57,11
Ragnar,https://www.kaggle.com/davidfumo,expert,1,2,57,11
geher,https://www.kaggle.com/gw00207,expert,0,1,58,11
Eike Dehling,https://www.kaggle.com/eikedehling,expert,0,2,56,11
Ben Gorman,https://www.kaggle.com/ben519,expert,1,8,43,10
Alexandre Barachant,https://www.kaggle.com/alexandrebarachant,expert,5,11,61,10
Elena Cuoco,https://www.kaggle.com/elenacuoco,expert,4,3,53,10
Alexandru Papiu,https://www.kaggle.com/apapiu,expert,1,6,50,10
Ronin,https://www.kaggle.com/rdslater,expert,1,3,62,10
Sali Mali,https://www.kaggle.com/salimali,expert,2,2,81,9
DataGeek,https://www.kaggle.com/thakurrajanand,expert,1,9,81,9
Ian Goodfellow,https://www.kaggle.com/iangoodfellow,expert,1,2,79,9
James King,https://www.kaggle.com/jfkingiii,expert,4,14,118,9
Alejandro Simkievich,https://www.kaggle.com/asimkievich,expert,8,11,54,9
Li Li,https://www.kaggle.com/aikinogard,expert,1,2,54,9
CarrDelling,https://www.kaggle.com/carrdelling,expert,1,3,53,9
Levin Kuhlmann,https://www.kaggle.com/levink,expert,3,0,60,9
mlandry,https://www.kaggle.com/mlandry,expert,5,7,56,8
phunter,https://www.kaggle.com/phunter,expert,1,6,92,8
WhizWilde,https://www.kaggle.com/wildwizard,expert,0,2,148,8
Leustagos,https://www.kaggle.com/leustagos,expert,7,10,199,7
Sashikanth Dareddy,https://www.kaggle.com/sashikanthdareddy,expert,2,4,79,6
tinrtgu,https://www.kaggle.com/ggglhf,expert,5,6,50,6
Mike Chirico,https://www.kaggle.com/mchirico,expert,0,2,60,6
aldente,https://www.kaggle.com/aldente,expert,1,8,62,6
Foxtrot,https://www.kaggle.com/zygmunt,expert,11,9,75,5
Nicholas Guttenberg,https://www.kaggle.com/ngutten,expert,1,10,73,5
Christopher Hefele,https://www.kaggle.com/chefele,expert,3,5,56,4
wacax,https://www.kaggle.com/wacaxx,expert,4,5,51,4
Frans Slothouber,https://www.kaggle.com/slothouber,expert,0,6,49,4
Dean McKee,https://www.kaggle.com/deanmckee,expert,1,2,64,4
Adam,https://www.kaggle.com/adamwoz,expert,1,4,49,4
Neil Summers,https://www.kaggle.com/neilsummers,expert,4,7,66,4
Signipinnis,https://www.kaggle.com/signipinnis,expert,2,6,44,3
Miroslaw Horbal,https://www.kaggle.com/miroslaw,expert,7,8,71,3
Mikhail Trofimov,https://www.kaggle.com/mikhailtrofimov,expert,1,3,52,3
SecondPlan,https://www.kaggle.com/usixuz,expert,0,3,50,3
Jiming Ye,https://www.kaggle.com/yejiming,expert,0,5,61,3
joycenv,https://www.kaggle.com/joycenv,expert,3,9,125,2
B Yang,https://www.kaggle.com/byang1,expert,0,5,47,1
David Chudzicki,https://www.kaggle.com/dchudz,expert,1,1,89,1
YetiMan,https://www.kaggle.com/yetiman,expert,1,4,53,1
Torgos,https://www.kaggle.com/telser,expert,0,2,56,1
Isabelle,https://www.kaggle.com/iguyon,expert,0,1,53,0
Chris Raimondi,https://www.kaggle.com/chrisraimondi,expert,1,0,51,0
Shea Parkes,https://www.kaggle.com/biasvariance,expert,0,6,55,0
Glider,https://www.kaggle.com/glider,expert,0,2,68,0
